-- phpMyAdmin SQL Dump
-- version 5.2.1
-- https://www.phpmyadmin.net/
--
-- Host: 127.0.0.1
-- Generation Time: Nov 27, 2025 at 04:08 AM
-- Server version: 10.4.32-MariaDB
-- PHP Version: 8.2.12

SET SQL_MODE = "NO_AUTO_VALUE_ON_ZERO";
START TRANSACTION;
SET time_zone = "+00:00";


/*!40101 SET @OLD_CHARACTER_SET_CLIENT=@@CHARACTER_SET_CLIENT */;
/*!40101 SET @OLD_CHARACTER_SET_RESULTS=@@CHARACTER_SET_RESULTS */;
/*!40101 SET @OLD_COLLATION_CONNECTION=@@COLLATION_CONNECTION */;
/*!40101 SET NAMES utf8mb4 */;

--
-- Database: `ifobia_db`
--

-- --------------------------------------------------------

--
-- Table structure for table `absensi`
--

CREATE TABLE `absensi` (
  `id_absensi` int(11) NOT NULL,
  `kode_mk` varchar(20) NOT NULL,
  `id_user` int(11) NOT NULL,
  `tanggal` date NOT NULL,
  `status` enum('Hadir','Sakit','Izin','Alfa') DEFAULT 'Hadir',
  `keterangan` text DEFAULT NULL
) ENGINE=InnoDB DEFAULT CHARSET=utf8mb4 COLLATE=utf8mb4_general_ci;

--
-- Dumping data for table `absensi`
--

INSERT INTO `absensi` (`id_absensi`, `kode_mk`, `id_user`, `tanggal`, `status`, `keterangan`) VALUES
(10, 'FIK61534', 16, '2025-11-19', 'Hadir', '-'),
(11, 'FIK61534', 17, '2025-11-19', 'Hadir', '-'),
(12, 'FIK61534', 18, '2025-11-19', 'Hadir', '-'),
(13, 'FIK61534', 19, '2025-11-19', 'Hadir', '-'),
(14, 'FIK61534', 20, '2025-11-19', 'Hadir', '-'),
(15, 'FIK61534', 21, '2025-11-19', 'Hadir', '-'),
(16, 'FIK61534', 22, '2025-11-19', 'Hadir', '-'),
(17, 'FIK61534', 23, '2025-11-19', 'Hadir', '-'),
(18, 'FIK61534', 24, '2025-11-19', 'Hadir', '-'),
(19, 'FIK61534', 25, '2025-11-19', 'Hadir', '-'),
(20, 'FIK61534', 26, '2025-11-19', 'Hadir', '-'),
(21, 'FIK61534', 27, '2025-11-19', 'Hadir', '-'),
(22, 'FIK61534', 29, '2025-11-19', 'Hadir', '-'),
(23, 'FIK61534', 30, '2025-11-19', 'Hadir', '-'),
(24, 'FIK61534', 31, '2025-11-19', 'Hadir', '-'),
(25, 'FIK61534', 32, '2025-11-19', 'Hadir', '-'),
(26, 'FIK61534', 33, '2025-11-19', 'Hadir', '-'),
(27, 'FIK61534', 34, '2025-11-19', 'Hadir', '-'),
(28, 'FIK61534', 35, '2025-11-19', 'Hadir', '-'),
(61, 'FIK61534', 10, '2025-11-21', 'Hadir', '-'),
(62, 'FIK61534', 11, '2025-11-21', 'Hadir', '-'),
(63, 'FIK61534', 12, '2025-11-21', 'Hadir', '-'),
(64, 'FIK61534', 13, '2025-11-21', 'Hadir', '-'),
(65, 'FIK61534', 14, '2025-11-21', 'Hadir', '-'),
(66, 'FIK61534', 15, '2025-11-21', 'Hadir', '-'),
(67, 'FIK61534', 16, '2025-11-21', 'Hadir', '-'),
(68, 'FIK61534', 17, '2025-11-21', 'Hadir', '-'),
(69, 'FIK61534', 18, '2025-11-21', 'Hadir', '-'),
(70, 'FIK61534', 19, '2025-11-21', 'Hadir', '-'),
(71, 'FIK61534', 20, '2025-11-21', 'Hadir', '-'),
(72, 'FIK61534', 21, '2025-11-21', 'Hadir', '-'),
(73, 'FIK61534', 22, '2025-11-21', 'Hadir', '-'),
(74, 'FIK61534', 23, '2025-11-21', 'Hadir', '-'),
(75, 'FIK61534', 24, '2025-11-21', 'Hadir', '-'),
(76, 'FIK61534', 25, '2025-11-21', 'Hadir', '-'),
(77, 'FIK61534', 26, '2025-11-21', 'Hadir', '-'),
(78, 'FIK61534', 27, '2025-11-21', 'Hadir', '-'),
(79, 'FIK61534', 28, '2025-11-21', 'Hadir', '-'),
(80, 'FIK61534', 29, '2025-11-21', 'Hadir', '-'),
(81, 'FIK61534', 30, '2025-11-21', 'Hadir', '-'),
(82, 'FIK61534', 31, '2025-11-21', 'Hadir', '-'),
(83, 'FIK61534', 32, '2025-11-21', 'Hadir', '-'),
(84, 'FIK61534', 33, '2025-11-21', 'Hadir', '-'),
(85, 'FIK61534', 34, '2025-11-21', 'Hadir', '-'),
(86, 'FIK61534', 35, '2025-11-21', 'Hadir', '-'),
(87, 'FIK61534', 10, '2025-11-25', 'Sakit', '-'),
(88, 'FIK61534', 11, '2025-11-25', 'Sakit', '-'),
(89, 'FIK61534', 12, '2025-11-25', 'Hadir', '-'),
(90, 'FIK61534', 13, '2025-11-25', 'Hadir', '-'),
(91, 'FIK61534', 14, '2025-11-25', 'Hadir', '-'),
(92, 'FIK61534', 15, '2025-11-25', 'Hadir', '-'),
(93, 'FIK61534', 16, '2025-11-25', 'Hadir', '-'),
(94, 'FIK61534', 17, '2025-11-25', 'Hadir', '-'),
(95, 'FIK61534', 18, '2025-11-25', 'Hadir', '-'),
(96, 'FIK61534', 19, '2025-11-25', 'Hadir', '-'),
(97, 'FIK61534', 20, '2025-11-25', 'Hadir', '-'),
(98, 'FIK61534', 21, '2025-11-25', 'Hadir', '-'),
(99, 'FIK61534', 22, '2025-11-25', 'Hadir', '-'),
(100, 'FIK61534', 23, '2025-11-25', 'Hadir', '-'),
(101, 'FIK61534', 24, '2025-11-25', 'Hadir', '-'),
(102, 'FIK61534', 25, '2025-11-25', 'Hadir', '-'),
(103, 'FIK61534', 26, '2025-11-25', 'Hadir', '-'),
(104, 'FIK61534', 27, '2025-11-25', 'Hadir', '-'),
(105, 'FIK61534', 28, '2025-11-25', 'Hadir', '-'),
(106, 'FIK61534', 29, '2025-11-25', 'Hadir', '-'),
(107, 'FIK61534', 30, '2025-11-25', 'Hadir', '-'),
(108, 'FIK61534', 31, '2025-11-25', 'Hadir', '-'),
(109, 'FIK61534', 32, '2025-11-25', 'Hadir', '-'),
(110, 'FIK61534', 33, '2025-11-25', 'Hadir', '-'),
(111, 'FIK61534', 34, '2025-11-25', 'Hadir', '-'),
(112, 'FIK61534', 35, '2025-11-25', 'Hadir', '-');

-- --------------------------------------------------------

--
-- Table structure for table `jadwal`
--

CREATE TABLE `jadwal` (
  `id_jadwal` int(11) NOT NULL,
  `kode_mk` varchar(20) NOT NULL,
  `hari` enum('Senin','Selasa','Rabu','Kamis','Jumat','Sabtu') DEFAULT NULL,
  `jam_mulai` time DEFAULT NULL,
  `jam_selesai` time DEFAULT NULL,
  `ruangan` varchar(50) DEFAULT NULL,
  `keterangan` text DEFAULT NULL
) ENGINE=InnoDB DEFAULT CHARSET=utf8mb4 COLLATE=utf8mb4_general_ci;

--
-- Dumping data for table `jadwal`
--

INSERT INTO `jadwal` (`id_jadwal`, `kode_mk`, `hari`, `jam_mulai`, `jam_selesai`, `ruangan`, `keterangan`) VALUES
(1, 'FIK61521', 'Senin', '07:30:00', '10:00:00', 'FASILKOM 4.77-3', NULL),
(2, 'FIK61510', 'Senin', '10:01:00', '12:31:00', 'LAB LANJUT 1', NULL),
(3, 'FIK61516', 'Selasa', '10:01:00', '12:31:00', 'FASILKOM 4.76-2', NULL),
(4, 'FIK61512', 'Selasa', '12:32:00', '15:02:00', 'FASILKOM 4.75-1', NULL),
(5, 'FIK61534', 'Rabu', '12:00:00', '15:00:00', '4.17', NULL),
(6, 'FIK61515', 'Rabu', '12:32:00', '15:02:00', 'LAB DASAR 1', NULL),
(7, 'FIK61514', 'Jumat', '07:00:00', '09:30:00', 'LAB LANJUT 2', NULL),
(8, 'FIK61511', 'Jumat', '13:00:00', '15:30:00', 'FASILKOM 4.75-1', NULL);

-- --------------------------------------------------------

--
-- Table structure for table `mata_kuliah`
--

CREATE TABLE `mata_kuliah` (
  `kode_mk` varchar(50) NOT NULL,
  `nama_mk` varchar(100) DEFAULT NULL,
  `sks` int(11) DEFAULT NULL,
  `semester` int(11) DEFAULT NULL,
  `nama_dosen` varchar(100) DEFAULT NULL
) ENGINE=InnoDB DEFAULT CHARSET=utf8mb4 COLLATE=utf8mb4_general_ci;

--
-- Dumping data for table `mata_kuliah`
--

INSERT INTO `mata_kuliah` (`kode_mk`, `nama_mk`, `sks`, `semester`, `nama_dosen`) VALUES
('FIK61510', 'BASIS DATA', 3, 3, 'Betha Nurina Sari, S.Kom., M.Kom.'),
('FIK61511', 'METODE NUMERIK', 3, 3, 'Riza Ibnu Adam, S.Si., M.Si.'),
('FIK61512', 'ANALISIS DAN DESAIN BERORIENTASI OBJEK', 3, 3, 'Carudin, S.Kom., M.Kom.'),
('FIK61514', 'PEMROGRAMAN BERORIENTASI OBJEK', 3, 3, 'Yuyun Umaidah, S.Kom., M.Kom.'),
('FIK61515', 'JARINGAN KOMPUTER', 3, 3, 'Arip Solehudin, S.Si., M.Kom.'),
('FIK61516', 'KEAMANAN SISTEM', 3, 3, 'Chaerur Rozikin, S.Kom., M.Kom.'),
('FIK61521', 'TEORI BAHASA DAN AUTOMATA', 3, 3, 'Garno, S.Kom., M.Kom.'),
('FIK61534', 'CLOUD COMPUTING', 3, 3, 'Agung Susilo Yuda Irawan, S.Kom., M.Kom.');

-- --------------------------------------------------------

--
-- Table structure for table `materi`
--

CREATE TABLE `materi` (
  `id_materi` int(11) NOT NULL,
  `id_user` int(11) NOT NULL,
  `kode_mk` varchar(20) NOT NULL,
  `judul` varchar(100) NOT NULL,
  `tipe` varchar(10) NOT NULL,
  `konten_link` text DEFAULT NULL,
  `nama_file` varchar(255) DEFAULT NULL,
  `file_data` longblob DEFAULT NULL,
  `tanggal_upload` timestamp NOT NULL DEFAULT current_timestamp()
) ENGINE=InnoDB DEFAULT CHARSET=utf8mb4 COLLATE=utf8mb4_general_ci;

--
-- Dumping data for table `materi`
--

INSERT INTO `materi` (`id_materi`, `id_user`, `kode_mk`, `judul`, `tipe`, `konten_link`, `nama_file`, `file_data`, `tanggal_upload`) VALUES
(1, 27, 'FIK61510', 'tes', 'Link', NULL, NULL, NULL, '2025-11-19 05:16:56'),
(2, 27, 'FIK61510', 'test789', 'Link', NULL, NULL, NULL, '2025-11-19 05:33:23'),
(3, 27, 'FIK61510', 'tes345', 'Link', NULL, NULL, NULL, '2025-11-19 05:47:15'),
(4, 27, 'FIK61510', 'tes234', 'Link', 'https://youtu.be/-yJEdAKTIs4?si=fDd-ZC7YocZFSF4_', NULL, NULL, '2025-11-19 05:55:29'),
(5, 27, 'FIK61511', 'Pertemuan 4 Metode Numerik', 'File', NULL, '1.docx', 0x504b030414000600080000002100dfa4d26c5a01000020050000130008025b436f6e74656e745f54797065735d2e786d6c20a2040228a000020000000000000000000000000000000000000000000000000000000000000000000000000000000000000000000000000000000000000000000000000000000000000000000000000000000000000000000000000000000000000000000000000000000000000000000000000000000000000000000000000000000000000000000000000000000000000000000000000000000000000000000000000000000000000000000000000000000000000000000000000000000000000000000000000000000000000000000000000000000000000000000000000000000000000000000000000000000000000000000000000000000000000000000000000000000000000000000000000000000000000000000000000000000000000000000000000000000000000000000000000000000000000000000000000000000000000000000000000000000000000000000000000000000000000000000000000000000000000000000000000000000000000000000000000000000000000000000000000000000000000000000000000000000000000000000000000000000000000000000000000000000000000000000000000000000000000000000000000000000000000000000000000000000000000000000000000000000000000000000000000000000000000000000000000000000000000000000000000000000000000000b494cb6ec2301045f795fa0f91b75562e8a2aa2a028b3e962d52e907187b0256fd92c7bcfebe1302515501910a6c222533f7de3356c683d1da9a6c0911b57725eb173d9681935e69372bd9d7e42d7f641926e19430de41c936806c34bcbd194c36013023b5c392cd530a4f9ca39c831558f8008e2a958f56247a8d331e84fc1633e0f7bdde0397de2570294fb5071b0e5ea0120b93b2d7357d6e48221864d973d35867954c8460b41489ea7ce9d49f947c97509072db83731df08e1a183f9850578e07ec741f7434512bc8c622a67761a98baf7c545c79b9b0a42c4edb1ce0f455a525b4fada2d442f0191cedc9aa2ad58a1dd9eff2807a68d01bc3c45e3db1d0f2991e01a003be74e84154c3faf46f1cbbc13a4a2dc89981ab83c466bdd09916803a179f6cfe6d8da9c8aa4ce71f40169a3e33fc6deaf6cadce69e00031e9d37f5d9b48d667cf07f56da0401dc8e6dbfb6df8030000ffff0300504b0304140006000800000021001e911ab7ef0000004e0200000b0008025f72656c732f2e72656c7320a2040228a000020000000000000000000000000000000000000000000000000000000000000000000000000000000000000000000000000000000000000000000000000000000000000000000000000000000000000000000000000000000000000000000000000000000000000000000000000000000000000000000000000000000000000000000000000000000000000000000000000000000000000000000000000000000000000000000000000000000000000000000000000000000000000000000000000000000000000000000000000000000000000000000000000000000000000000000000000000000000000000000000000000000000000000000000000000000000000000000000000000000000000000000000000000000000000000000000000000000000000000000000000000000000000000000000000000000000000000000000000000000000000000000000000000000000000000000000000000000000000000000000000000000000000000000000000000000000000000000000000000000000000000000000000000000000000000000000000000000000000000000000000000000000000000000000000000000000000000000000000000000000000000000000000000000000000000000000000000000000000000000000000000000000000000000000000000000000000000000000000000000000000000ac92c16ac3300c40ef83fd83d1bd51dac118a34e2f63d0db18d907085b494c13dbd86ad7fefd3cd8d8025de96147cbd2d393d07a739c4675e0945df01a96550d8abd09d6f95ec35bfbbc78009585bca53178d670e20c9be6f666fdca234929ca838b59158acf1a0691f88898cdc013e52a44f6e5a70b692229cfd46324b3a39e7155d7f7987e33a09931d5d66a485b7b07aa3d45be861dbace197e0a663fb197332d908fc2deb25dc454ea93b8328d6a29f52c1a6c302f259c9162ac0a1af0bcd1ea7aa3bfa7c589852c09a109892ffb7c665c125afee78ae6193f36ef2159b45fe16f1b9c5d41f3010000ffff0300504b03041400060008000000210065ebf33353080000f264000011000000776f72642f646f63756d656e742e786d6cec5ddb6ee338127d5f60ff41f073c7b27c8b638c3de89e4c0f1a830682c9ee0794245a662c5e4052763c5fb3dfb25fb645c9b7c4dd0d8766364c3a79902c4a3c3aaa6215ab484af9e5d77b56464ba234157cd24ada9d5644782672ca8b49ebdffffa7c316a45da00cfa1149c4c5a6ba25bbf4efff98f5f56e35c641523dc4408c1f57825b3496b6e8c1cc7b1cee684816e339a29a1c5ccb433c162319bd18cc42ba1f2b8db493af52fa94446b4c6fbfd067c09bab581cbee4f43cb15acb0b205ecc7d91c9421f77b8ce4c92083f82a1e1d03751d80f009bbc93154efc950c3d8b23a02ea3b0121ab23a4811bd2371e6ee886d43d46ba7443ea1d238ddc908e9a133b6ee042128e276742313078a88a98815a54f2028125189ad2929a356276865b18a07ce1c0086bed10582f7f32c265cc444eca5ebe45119356a5f87853ff6257df521f37f537bb5d0d529e765bbcdd554cee4da9cdb6ae3a45764df5eb8d63a9a5162b52a21c05d7732a77de81b9a2e1c9f91664f923012c59b9bd6e2593134ded7baeedba51c31ef014fa1bddb1b261fe63c4a47382362dc4aec629141ede73cb84610bdedfd8493407c24d4e743e5b80ee11c030232776165b8cd10623cef6d66d71e88966b5c569b46271e85eb0c9893ef031990380bc7a1244b7b7e56177b6fa0196ce4d3e7f1adc5647b1ad0b06e6a077466311c9d31e70b0835bb30379cbe23ca3fa43894aeed1e879685ff6ee7565039d27606d8cf3d061e8f3c8dcce41a2d765d9f84bc18582b44446686a115a4b546bc06eb1d1d95dfd93dcd7e556d791f557ad294668a9c8d7762ff15c7f2c41c1176ce08351a777950c07adba14fb37634b2f377f583ac66830ff6bd2c207eb0ebbfdeb5dd1359941559a833335fa8db23bb5d97d16dc68ac013aa3a893bf442a8cb010f38f5cef0b627b71264aa1f0d412b063e95f0f92c1b039a1ffde9676936dc96f16f561d93cdf1665250165ef52434e5a5035379dd112cf7eaeff6ca5784334def3b69b3a881d6b09190a5a2aa2895a92d6346947f64ad3d4ab1f560931fb5d59d2662df1622d4959de1a0c141a4e0ddcf48670ec732ae027d5ff9de787b5bf4dc695ca82002f0a61200c32123835340832295139688cd742207357b112e61e79e4c05db9e84a571c385fc3cbcb25a7c65a925f1d89923c16f50faf5f8a1283c8c78fd06c5e95dffbee237efb094f53d2ab13c154920551776e4ee88d28fce751354ba1a0efaa7efbaa365501fa6750f3f4bffff94954ea182fe245b2bee841e673d91b75869f2efb2d4f99cf0f6daedb8e3e2a4317a4748e952b059a3ab467cf11980446540821724e590526001e500273a1316d3faaf51cecfe0403a5285e65bbf9b6ddf6afbb3d743cd6429fdd6e7bede846092934b8db2dc170c3846030fe2d57032fc038f3c14c8ef2009ae60214e14124b769101eadb219b60b8d691bff1c6fca089376e61964100330dedcd5b03bea24dd8fdd87eeaaf3b9d7fb94f413bfee2aea9f3144c9e0ce9a7300b2477b0c61ac49131e40bca52a19846b7a86b1510939588f110ddad12d465173674d81a95e5e46ae09a7f766bb08214fc8c5a29e690f2269011ba47b1c4eaf5bed105b2dba08574e946b0ccd83104f4ad1b88318dfc716835d50b108210c62b008222a74cd2f3d0744189c09a4c22f76bf5e9e941618309601084794d450a798f93b44d66805cee66ce3e8994f13aafddd2526c344d52b82784622bceb8788f02555825b47df14cc41625e87695d7368a71d973427c2d973ab97d7ae21f8c8da2d25f21d191b5208154097f11683e3ba958f9c53a8af8413e6796ada910ac616927a1e2f3e63054101850d30de5b6dc3221c7f12486c0158ee511ab51d5f39dbf19fefc30f7b16610c3f2caa946a465e9e88cd4f8a8a43105e3ead974279b69ba4734e0758540a6810c2b10b95651044c882d300c685302ccfa8f4bbf0f343a417b4749e1b0303018cdb2d0876c8c0240d22a57d0f0efe0fc14192b4a3db2abd239989181894f9ebeea531e35f000d629639af47f07cebabebdc297d228a2eaa00861333aae885dd78a422d419c3440b45c0d0590016fe1ca3f349cfb9c9bcc9c8fb9c01c592a4d4e7cb088e346cf00dcaeb6b11760ad2d97edef3c4036128cf03e0aed20864460063b835b6d52026b2c20929dfeca871e2bef24662ec66df4a0863edcd7bdff7389ea5259d87b1ce3884791fcfd9987bceaec99d8d05c2b099140a08c16ceaa5133480a0049d5a9586a19df7deeff97bbf8173eff71e441fb090602aaf0be2cfebf8c2588dee7b40e90c97666830719ab4afa5a85026f869c90218c8070e46309f22a9ede7bcb75c3461b2525e17125a45d19c40f9c195548a6d99b010267609464ecceb9c94735714c8bc3fc62b18508630629dd37ac2d0ffc736a2af349b9312ed8a94a21983fb1b5b016f8289613b2a30d7d167af81acf220a4083288d5cc9be9df2026e7317df33f4774e96cf93653d101983ed18684b38c38a706669a86f141a460726c0d4c7a9d8270e481c7540731e49e53e7fe6a63b9a376a4392812e5aa621fea6d6408172a76f52f15f5d866378c52d0ba59d1eeda746cfa10c0dc84eff956571e99e04604c0c3be89a5eccb6a1ea99ce778835962e8790d5063eeee4b73af514d9881e72f2f1846ec385a103a0ac58c24e16bb873fbb6966fed543a849e1138460b2909613adace30aec268afe85242c887fc3691dab375ddd74e7f79863ee8751b8fa1950c8005512926ab01bc85e81eb5d58df34145dcd69f2ad1243337b6f2e36f90d4d8c5adfda8db6ad24a922bfb1f0b56e339fe1e8e7aa3065d165fa1beb39058deef77ec258a1673b33f4c853182ed8f4b323b383b27901335695d7646f670268439382c2abb32175935b7cb44693f28b711a8bda62ece45f687b21fbf1e9794931b6a3264d91bd695e2ed23d63f9b2f60c7fb7f5632fd1f000000ffff0300504b030414000600080000002100d664b351f4000000310300001c000801776f72642f5f72656c732f646f63756d656e742e786d6c2e72656c7320a2040128a0000100000000000000000000000000000000000000000000000000000000000000000000000000000000000000000000000000000000000000000000000000000000000000000000000000000000000000000000000000000000000000000000000000000000000000000000000000000000000000000000000000000000000000000000000000000000000000000000000000000000000000000000000000000000000000000000000000000000000000000000000000000000000000000000000000000000000000000000000000000000000000000000000000000000000000000000000000000000000000000000000000000000000000000000000000000000ac92cb6ac3301045f785fe83987d2d3b7d5042e46c4a21dbd6fd00451e3fa82c09cdf4e1bfaf4849ebd060baf072ae9873cf8036dbcfc18a778cd47ba7a0c87210e88caf7bd72a78a91eafee41106b576beb1d2a1891605b5e5e6c9ed06a4e4bd4f58144a23852d03187b594643a1c34653ea04b2f8d8f83e634c656066d5e758b7295e777324e19509e30c5ae561077f535886a0cf81fb66f9adee083376f033a3e53213f70ff8ccce9384a581d5b640593304b4490e745564b8ad01f8b6332a7502caac0a3c5a9c0619eabbf5db29ed32efeb61fc6efb09873b859d2a1f18e2bbdb7138f9fe828214f3e7af9050000ffff0300504b0304140006000800000021004f762f62d8060000c820000015000000776f72642f7468656d652f7468656d65312e786d6cec594b8b1b4710be07f21f86b9cb7acde8b15836d248f2dadeb517afece063afd49a69ab675a74b7762d8c21d8a75c020127e410436e398410430c31b9e4c7186c12e747a4ba47d24c4badac1f6b306157b0eac757d55f57555797662e5ebe1f53e718734158d272cb174aae8393211b91246cb9b707fd42c3758444c9085196e0963bc7c2bd7ce9f3cf2ea21d19e1183b209f881dd4722329a73bc5a218c2301217d814273037663c4612ba3c2c8e383a01bd312d564aa55a314624719d04c5a0760032cecdf1980cb17b69a9bb47e15f22851a18527ea834e385400e3b9a94d597988b8072e718d1960bcb8cd8c900df97ae43919030d1724bfacf2d5eba585c0951b9453627d7d77f0bb985c06852d1723c3c5a097a9eefd5da2bfd1a40e526ae57efd57ab5953e0d40c321ec34e562eaac57026f81cd81d2a64577b7dead960d7c4e7f7503dff6d5c7c06b50daf436f0fd7e90d930074a9bfe06deef343b5d53bf06a5cdda06be5e6a77bdba81d7a0889264b2812ef9b56ab0dced0a326674d70a6ffa5ebf5e59c0335431175da97c22b7c55a8cee31de0780762e922471e47c8ac76808b8005172c489b347c208026f8a122660b85429f54b55f8af3e9e6e698fa21d8c72d2e9d0506c0c293e8e187232952df71a68757390572f5ebc7cf4fce5a3df5f3e7efcf2d1af8bb537e5765112e6e5defcf4cd3f4fbf74fefeedc7374fbeb5e3451efffa97af5efff1e77fa99706adef9ebd7efeecd5f75ffff5f3130bbccdd1511e3e203116ce0d7ce2dc62316cd0b2003ee2ef26318810c94bb49350a00429190bba2723037d638e28b2e03ad8b4e31d0ee9c206bc32bb67103e8cf84c120bf07a141bc07dc6688771eb9eaeabb5f2569825a17d713ecbe36e21746c5b3b58f3726f3685b827369541840d9a07145c8e429c60e9a83936c1d822769710c3aefb64c8996063e9dc254e0711ab4906e4c888a64c6897c4e097b98d20f8dbb0cdfe1da7c3a84d7d171f9b48381b88da54626a98f10a9a49145b19a398e6917b4846369287733e340c2e24783ac49439bd1116c2267393cf0dbad721cdd8ddbe4fe7b189e4924c6cc83dc4581ed965932042f1d4ca9924511e7b554c20449173c0a49504334f88ea831f50b2d5dd770836dc7dfad9be0d69c81e206a66c66d470233f33ccee918619bf2368f8d14dbe6c41a1d9d596884f61ec6149da011c6ceedab363c9b1a36cf485f8b20abec629b6dae213356553fc1023bbab8b138960823640f71c8b6f0d99faf259e394a62c4b769be313143a607575d6c8d573a9c18a994707568ed246e8ad8d8df56ad071132c24af5853d5ee7dcf0dfdb9c3190b9f71e32f89d6520b1bfb56d06881a0b640133405065d8d22d8818eecf44d471d26233abdcd83cb4991b8a6b454f4c92532ba0b5dac7ff78b50f5418af7e786ac19e4dbd63077e48a5b32d99acd737db70eb554dc0f8887cfa454d17cd92030cf788057a5ed39cd734fffb9a66db793eaf64ce2b99f34ac62ef2112a99ac78d18f80960f7ab49678eb539f31a1f450ce29de13baec1170f6477d18d41d2db47ac8348da0b958cec0851ce9b6c399fc82c8e830425358a6ac5708c54275289c29135038e961ab6e354167f13e1ba5a3e5f2f2b9260820998d43e1b51c87324da6a3b57af6006fa55ef742fda0754940c9be0b89dc622689aa85447d39780a09bdb33361d1b4b06828f55b59e8af8557e07272907a22ee7b2923083708e991f2532abff4ee997b7a9b31cd6d572cdb6b2aae67e36983442edc4c12b9308ce0f2581f3e635f3733971af494293669d41b1fc3d72a89ace5069a983de704ce5cd5073543346db963f8c904cd780afa84ca54888649cb1dca85a1df27b34cb9905d24a214a6a7d2fdc74462ee501243ace7dd40938c5bb952577bfc44c9354b9f9ee5f457dec9783cc643b96524ebc25caac43afb8160d56133207d188d4e9c233ae3b71018caaf9795014744c895354784e7823bb3e25aba5a1c45e37d4b7644119d466871a3e493790ad7ed159ddc3e34d3f55d99fdc5668e42e5a40fbe754f175213b9a4b9e50251b7a63d7f7cbc4b3ec72acbfb06ab3475afe7bae632d76dbb253efc42c851cb1633a829c6166ad9a849ed0c0b82dc72abd0dc76479cf56db01eb5ea8258d695bab7f1629b1ddd83c8ef42b53aa35268aaf0ab85a360f94a32cd047a74995dee4b67c649cb7d50f2db5e50f18342a9e1f70a5ed52b151a7ebb5a68fb7eb5dcf3cba56ea7f2108c22a3b8eca76bf7e1c73e9d2f5edbebf18d57f7f1b2d4be30647191e93ab8a885f5abfb72c578759fd6c9ce40cdbb0e01cb3ca855facd6ab3532b34abed7ec1eb761a856650eb14bab5a0deed7703bfd1ec3f749d630df6dad5c0abf51a855a39080a5eada4e8379a85ba57a9b4bd7abbd1f3da0f17b6869d2fbf97e6d5bc2efd0b0000ffff0300504b030414000600080000002100fcea4fde0e040000a50b000011000000776f72642f73657474696e67732e786d6cb4566d6fdb3610fe3e60ffc1d0e7b97ab1ac045a9da2b1e32545bc0e75867da644ca26c23790941db7d87fdf91122d67098aa445bed8e43d77cf1d8fc73bbdfff0c0d96847b4a152cca2f45d128d88a825a662338bfebe5b8ecfa391b14860c4a420b3e8404cf4e1e2d75fdeef4b43ac053533020a614a5ecfa2adb5aa8c63536f0947e69d544400d848cd9185addec41ce9fb568d6bc915b2b4a28cda439c254911f5347216b55a943dc598d35a4b231beb4c4ad934b426fd5fb0d02ff1db992c64dd7222acf7186bc2200629cc962a13d8f88fb201b80d24bbef1d62c759d0dba7c90b8ebb971a1f2d5e129e33505ad6c418b820ce4280540c8ef3274447dfefc0777f444f05e669e257a7914f5f47903d21286af2f03a8ef39e2306cb531e8a5fc7531c79e890d8b4f8b1604e080cb678fb2a962ce43576b6c8a22d32c72a728ce475414d8f74073ee4c8b097544d07ddd24a23ddbdc9be64785dde6c84d4a862100e94ce086e7fe4a373bf9044f7e797e4c1cb5d1ea20be8115fa5e4a37da988aee1a1408349a651ec00284fd9ac2db240511a4518f31da76604894e039306b5ccdea16a6da502ad1d82639c654907d75ba4516d895e2b5483ed5c0aab250b7a58fe29ed1cba8c8647d05bf89e33acd65dff020b81381cec514f5a490c0d665fb69abefc069c81f79ef6a77cde91847eab2926772ea16b7b606409c1afe957f251e04fadb114187d67fa8908be170011cef3672881bb83224b826c0b697a2367fe26968caa15d55aea1b81a112decc196d1aa2c10185ca5a41f9502df73ecfd7046118736fe4b735e41f50861738b983b2bcbf94d64a7e7d505bc8f5cfdda4aff7f8b47c61586313165fa4b447d5a4c88a2c5f74913af439243e32f0d20dadbf7458b9321cf1ce628e78a5291aaddc588b9d46a5ef2fa9087845a077905364dd56011c8f3bc070c4d8121212007f185e626ad482347ecd56486f06de5e433f2b859ef0e9c8e53a0ad17f68d9aa0edd6ba4baf20a2a699ef79654d85bca83dcb4d53a5809e87627502bf0e79df6791ad2b32f2d5c977fa6b7c85fbbd725627cd327bb667aedae94ac90525d65549b741631bad9dad45da6851d86af1fbfa936598f651ecb3acc6f50ed4e06dafd6290654176a23709b2c920cb832c1f64d3209b0eb222c80a27db422fd0d086efa148c3d2c91bc998dc137c3de04f445d12cc1629b2e8fa369497ec047d2337a35d491e6006104c2d7c542a8a397a7023212b9c79afcdd041b6f691aec39cb27acce0c665ff2ce347c6bec4ff178b9b273585725c1f78358c89dfbac01935f0a4154c142b75c07ef7589a9758d6376ec4e59d3cbf3a9f4f96d3aec5a7533f89ac7ff570ef5f4873890cc13d164ca79de9b7249f17d3f9c7629c17cb649c2fceaec6978babc97872965fce8babe42c2bd27ffb471abeaf2ffe030000ffff0300504b030414000600080000002100273450d2b20b0000567300000f000000776f72642f7374796c65732e786d6cbc9d5d73dbba1186ef3bd3ffc0d1557b91c8f2879c788e73c6b193dad338c727729a6b888424d420a192943ffaeb0b80940479098a0b6e7d935894f6018817ef12cb0fe9b7df9f53193df2bc102a3b1f8cde1f0c229ec52a11d9fc7cf0f3feebbb0f83a828599630a9327e3e78e1c5e0f74f7ffdcb6f4f6745f92279116940569ca5f1f9605196cbb3e1b088173c65c57bb5e4997e73a6f29495fa653e1fa62c7f582ddfc52a5db2524c8514e5cbf0f0e0603ca83179178a9acd44ccaf54bc4a7956daf861cea526aaac588865b1a63d75a13da93c59e62ae645a1773a95152f6522db6046c700948a3857859a95eff5ced43db2281d3e3ab07fa5720b38c1010e01601cf3671ce343cd18ea489723121c67bce188c4e18475c6011449992c5094c3f5b80e4d2c2bd982150b97c8719d3ad9e05e523346697c7633cf54cea65293b4ea91162eb260f3afde7ff39ffd933fdbed6617069fb41712155ff1195bc9b2302ff3bbbc7e59bfb2ff7d555959444f67ac8885b8d71dd4ada44237787d911562a0dfe1ac282f0ac11adf5c983f1adf898bd2d9fc59246230342d3ef03cd36f3f32793e38ac3615ffdd6cd86cb9349ddad92659365f6fe3d9bb9b2bb77376d3cf89d934d54d9d0f58fe6e72610347c76752cc59b9ca756230af2ca1ca1f7972a9f79f3f972b26cd8787f5c054ff3bc3b57cfdcaf672c962613bc56625d76962343e303d90c264a5c3938feb173f56463cb62a55dd880554ff6fb043a098ce1e3a974caa94a6dfe5b36f2a7ee0c9a4d46f9c0f6c5b7ae3cf9bbb5ca85ca7adf3c147dba6de38e1a9b81649c233e783d94224fcd782673f0b9e6cb7fff9d5a69e7a43ac5699fefbe8746c67912c922fcf315f9a44a6dfcd98d1f4bb0990e6d32bb16ddc86ff670d1bd5b235c52f3833d93c1abd46d8eea3108726a270f6b699b97ab5eff653a8868edeaaa1e3b76ae8e4ad1a1abf5543a76fd5d087b76ac862fe9f0d892cd1070efb79d80ca0eee378dc88e678cc86e678bc84e678ac82e6789c80e678263a9ae399c7688e679a2238a58a7db3d099ec479ed9decedd7f8c08e3ee3f248471f71f01c2b8fb137e18777f7e0fe3ee4fe761dcfdd93b8cbb3f59e3b9d5522bbad136cbcade2e9b295566aae49159f4f6a6b14cb36c894bc333073d9e93ec2401a6ca6cf581b8372d66f6f5fe19624d1a7e3c2f4da518a95934137353f2f4ee38cf1eb9544b1eb124d13c4260ce7551e6199190399df319cf791673ca894d0735956094add229c1dc5cb239198b6709f1f0ad8924496133a175fdbc30261104933a6571aefa774d31b2fcf04d14fdc7ca40a2cf2b293911eb3bcd14b3acfeb581c5f42f0d2ca67f656031fd0b034733aa21aa69442355d38806aca6118d5b353fa9c6ada6118d5b4d231ab79ad67fdcee45296d8a77571da3eee7ee2ea53217257af76322e6993d2bdb9b549f338dee58cee6395b2e227356bb19ebee33b69dcf2a7989ee298e691b12d5bade4e11732e5b64abfe03ba43a332d7864764af0d8fc8601b5e7f8bddea65b259a05dd3d43393d5b46c34ad257532ed84c955b5a0edef3656f69f615b037c1579416683662cc10cfe6e96b3464e8accb7ed65ff8e6d59fd6df53a2b9176af4612f452aaf881260d5fbf2c79aecbb287dea4af4a4af5c4133ae2a4cc5535d75ccb1f5a493a59fe4bba5cb042d85a6907d1fd50bfbe9d21ba65cbde3b742799c86874fbf22e654246742b88ebfbdb6fd1bd5a9a32d30c0c0df0b32a4b959231eb33817ffbc5a77fa7e9e0852e82b317a2bdbd203a3d64619782e0205391544244d2cb4c91099263a8e5fd93bf4c15cb131ada5dceab3b884a4e449cb074592d3a08bca5f3e293ce3f04ab21cbfb17cb85392f4465aa7b129873dab0584dffcde3fea9eebb8a48ce0cfdb12aedf947bbd4b5d174b8fecb841d5cff258255531f1eccfc25d8d91d5cff9dddc151edeca5644521bc9750837954bbbbe651ef6fffe2afe629a9f2d94ad20de01a4836826b20d9102ab94ab382728f2d8f70872d8f7a7f09a78ce5119c92b3bc7fe4222113c3c2a894b0302a192c8c4a030b2315a0ff1d3a0eacff6d3a0eacffbd3a158c6809e0c0a8e619e9e19fe82a8f03a39a67164635cf2c8c6a9e5918d53c3bba8af86ca617c1748718074935e71c24dd81262b79ba5439cb5f88905f249f338213a415ed2e5733f36889caaa9bb80990e61cb5245c6c57382a917ff12959d70c8bb25f04674499944a119d5bdb1e706ce4eebd6bfbc2ec9320bdbb702759cc174a263cf7ec933f56d7cb93eab18cd7ddb7dde874daf39b982fca68b2d89ced7731e383bd91eb827d276c7f834d633e5e3ffcd21476cb13b14ad71d850f538c8fba07db19bd137cbc3f78bb92d8893ce91809db1cef8fdcae9277224f3b46c2363f748cb43edd896cf3c315cb1f1a27c269dbfcd9d4789ec977da368b36c18dcdb64da44d64d3143c6d9b453b56892ee2d85c2d80ea74f38c3fbe9b79fcf11817f929183bf9299d7de547b419ec077f14e6c88e499ab6bdcddd1320efdb4574a7ccf9e74a55e7ed772e38757fa8eb462f9cb282478d9ca3ee17ae76b28c7f1c3ba71b3fa273def1233a27203fa25326f286a352929fd23937f9119d93941f81ce56f08880cb56301e97ad607c48b68294906cd56315e047745e0ef81168a34204daa83d560a7e04caa8203cc8a89082362a44a08d0a1168a3c20518cea8301e6754181f62544809312aa4a08d0a1168a34204daa81081362a44a08d1ab8b6f78607191552d0468508b45121026d54bb5eec6154188f332a8c0f312aa484181552d0468508b45121026d5488401b1522d046850894514178905121056d5488401b1522d046ad1e350c372a8cc71915c687181552428c0a2968a34204daa81081362a44a08d0a1168a34204caa8203cc8a89082362a44a08d0a1168a3da8b853d8c0ae3714685f12146859410a3420adaa81081362a44a08d0a1168a34204daa81081322a080f322aa4a08d0a1168a34244dbfcac2f51fa6eb31fe1cf7a7aefd8ef7ee9aaeed40ff7516e1775d41db5ee959fd5fd5984cf4a3d448d0f1e1ed97aa31b444ca550f614b5e7b2bacbb5b744a02e7cfe71d9fe848f4beff9a54bf5b310f69a29801f778d04e7548edba6bc1b098abce3b699ee468255e7715bf67523c161f0b82de95a5fae6f4ad1872310dc96669ce09127bc2d5b3be17088db72b4130847b82d333b817080dbf2b113781299e4fc3afaa4e3388d37f7970242db747408a77e42dbb4845aadd331344657d1fc84aeeaf9095d65f413507a7a317861fd28b4c27e5498d4d06658a9c38dea2760a5868420a901265c6a880a961aa2c2a48689112b352460a50e4fce7e4290d400132e3544054b0d516152c34319566a48c04a0d0958a97b1e90bd9870a9212a586a880a931a2eeeb0524302566a48c04a0d094152034cb8d410152c354485490daa64b4d49080951a12b052434290d400132e3544054b0d516d52dbb3283b52a31476c2718b3027107740760271c9d9090ca8969ce8c06ac92104564b50abb5e6b86ac915cd4fe8aa9e9fd055463f01a5a7178317d68f422bec4785498dab969aa40e37aa9f80951a572d79a5c6554bad52e3aaa556a971d5925f6a5cb5d42435ae5a6a923a3c39fb094152e3aaa556a971d552abd4b86ac92f35ae5a6a921a572d35498dab969aa4ee7940f662c2a5c6554bad52e3aa25bfd4b86aa9496a5cb5d42435ae5a6a921a572d79a5c6554bad52e3aaa556a971d5925f6a5cb5d42435ae5a6a921a572d35498dab96bc52e3aaa556a971d552abd4b86ae956870882af809aa42c2f23baef8bbb66c5a264fdbf9cf06796f342c9479e44b4bbfa0db597c3a79d9fbf326cfbdb7efaf3a51e33f30de8cee34a49f50db035d07ef026d9fc4c9509363d89ea5f0fab37db0ed7976bab166d206c2a5ee8b6e2fabbab3c4d996f9cad9fa09ad5df470bdaf57c4fadedc776fead3f5d8fe876b8aacfed0c566bb74b33df5bbaacfdc065eb105596f175f0639d03f6f550f7672aab5f4cd37fdc6489063cd5bf1656f5347966154abf7fc9a5bc65d5a7d5d2ff51c96765f5eee8c07e63c1abf7a7d597ef79e3739ba5bd80e16e67aa97f5afb679c6bbfa3afefaf601df988b843d5c24ec8acd4a96370cbbbda7a5ef886ffbb8feabf8f43f000000ffff0300504b030414000600080000002100ef0a294e4e0100007e03000014000000776f72642f77656253657474696e67732e786d6c9cd35f6bc2301000f0f7c1be43c9bba6ca142956610cc75ec660db0788e9d58625b9928babeed3efdaa973f862f792fff7e32e21f3e5ced9e4130219f4b9180d539180d75818bfc9c5fbdb6a30130945e50b65d1432ef64062b9b8bd99375903eb5788914f52c28aa7cce95c5431d69994a42b708a865883e7cd12835391a761239d0a1fdb7aa0d1d52a9ab5b126eee5384da7e2c0846b142c4ba3e101f5d6818f5dbc0c6059444f95a9e9a835d7680d86a20ea88188eb71f6c773caf81333babb809cd10109cb38e4620e197514878fd26ee4ec2f30e9078c2f80a9865d3f63763024479e3ba6e8e74c4f8e29ce9cff25730650118baa97323edeab6c63555495a2ea5c847e494d4edcdeb577e474f6b4f118d4dab2c4af9ef0c3251ddcb65c7fdb7543d875eb6d0962c11f02eb689cf9821586fb800d4190edb2b2169b97e7479ec83fbf66f10d0000ffff0300504b030414000600080000002100e9585696110200005907000012000000776f72642f666f6e745461626c652e786d6cdc93cd6ea3301485f723cd3b20ef1b0c09491a9554f3d348238d6651751ec0312658836de4eb84e4ede7da101a29aa2674d1c56441ccb9be1ff71cf0c3e351d5d141589046e72499501209cd4d21f52e27bf5f36774b128163ba60b5d122272701e471fdf9d343bb2a8d761061bf8695e239a99c6b56710cbc128ac1c4344263b134563187b776172b66ffec9b3b6e54c39cdcca5aba539c523a273dc6de42316529b9f86ef85e09ed427f6c458d44a3a1920d9c69ed2db4d6d8a2b1860b00f4acea8ea798d40326995d8194e4d68029dd04cdf4130514b62734ac54fd0ac8c601d22bc09c8be338c6b267c4d879c991c538ce7ce0c8e282f3be612e0050b8a21a4549cfb9c6be97395631a82e8962dc50d9803b299f91e2ab1f3b6d2cdbd648c2b71ee18b8b02d85fd1bfff0b4b710cbab740d6fd5188da95660a3bbfb15a6ead0c8586690322c1da81d539410f1b9a51ef25a5333af55712fb8dbc62168487741b6927974cc9fa7456a195005da1918e5767fdc0acf4537725903b2cec614b73f234a3347dda6c48a724381d4565b6f8da2ba97f56f8ddf7ca7450a85778e084dba4e3f0c019f6e033e32e81ab245ea41210fd126df46c14d36f2492d2392691611e3e99e9a8446ce08e4ac4fbbf4a64b1cc3e249167b335ce84206ef2c7f6b87bac3dfae5d25ee60d278bb332d84b937fdbbb1f69affff4a39f7257b9370f80ffecffd303d02f60fd170000ffff0300504b0304140006000800000021001ccef21272010000ed02000011000801646f6350726f70732f636f72652e786d6c20a2040128a00001000000000000000000000000000000000000000000000000000000000000000000000000000000000000000000000000000000000000000000000000000000000000000000000000000000000000000000000000000000000000000000000000000000000000000000000000000000000000000000000000000000000000000000000000000000000000000000000000000000000000000000000000000000000000000000000000000000000000000000000000000000000000000000000000000000000000000000000000000000000000000000000000000000000000000000000000000000000000000000000000000000000000000000000000000000008c925d4fc2301486ef4dfc0f4befb776108859c6881f215e48622246e35d6d0f5059bba62d8cf9ebed36365ce4c2bbf3f19cb7a76f9bce8f320f0e60ac28d40cc5114101285670a13633f4ba5a843728b08e2a4ef342c10c5560d13cbbbe4a994e5861e0d9141a8c136003afa46cc2f40c6d9dd309c6966d41521b7942f9e6ba30923a9f9a0dd694ede806f088902996e028a78ee25a30d4bd223a4972d64beabdc91b01ce30e42041398be328c667d68191f6e240d3f9454ae12a0d17d1aed9d3472b7ab02ccba81c37a8df3fc6efcba797e6aaa150b5570c5096729638e172c8527c0e7d64f79f5fc05c5bee131f3303d41526bbcd050d1ea9fca6db86e9eab5e33ba8cac270eba70799c73858668476fe1d5bed41c1d339b56ee91f762d80df55c363feb6eb09030751ff8b2c6e883e4d4f26b7ab010fbc39496b65d7791bdf3fac16281b91d13824d3904c562392909b84908f7abbc1fc59509e16f8b7e2643254ec045a83861f34fb010000ffff0300504b030414000600080000002100e2966f4e7b010000cf02000010000801646f6350726f70732f6170702e786d6c20a2040128a00001000000000000000000000000000000000000000000000000000000000000000000000000000000000000000000000000000000000000000000000000000000000000000000000000000000000000000000000000000000000000000000000000000000000000000000000000000000000000000000000000000000000000000000000000000000000000000000000000000000000000000000000000000000000000000000000000000000000000000000000000000000000000000000000000000000000000000000000000000000000000000000000000000000000000000000000000000000000000000000000000000000000000000000000000000000009c52cb4ec33010bc23f10f51eed4292de5a1ad112a421c78490d70b6ec4d62e1d8966d10fd7bd60442103772da9df58e672686f3f7de146f18a276765dce675559a0954e69dbaecbc7faeae0a42c62125609e32caecb1dc6f29cefefc143701e43d2180ba2b0715d7629f933c6a2ecb0177146634b93c6855e246a43cb5cd36889974ebef668133bacaa15c3f78456a13af0236139309ebda5ff922a27b3bef854ef3cf171a8b1f74624e47779d3cc944b3db01185da25616add235f1e133e76f0205a8c7c0e6c28e0d90515f9e172096c2861d3892064a208f97c717a046c02c085f7464b91285d7eab6570d135a9b8ff945c640260d3234036b6285f834e3b5e019bb670a36d96425a868ab405d106e1bbc81759e0d8c1560a831b4a8037c24404f603c0c6f55e58e26363457c2ff1d1d7ee3287f1b5f21b9cd87cd6a9db7a21b398d56235353c19c1965054e460d43002704dbf25987c01edda16d5f799bf831ce1d3f03ee9ba5945df6766df18191f1f0eff000000ffff0300504b01022d0014000600080000002100dfa4d26c5a010000200500001300000000000000000000000000000000005b436f6e74656e745f54797065735d2e786d6c504b01022d00140006000800000021001e911ab7ef0000004e0200000b00000000000000000000000000930300005f72656c732f2e72656c73504b01022d001400060008000000210065ebf33353080000f26400001100000000000000000000000000b3060000776f72642f646f63756d656e742e786d6c504b01022d0014000600080000002100d664b351f4000000310300001c00000000000000000000000000350f0000776f72642f5f72656c732f646f63756d656e742e786d6c2e72656c73504b01022d00140006000800000021004f762f62d8060000c820000015000000000000000000000000006b110000776f72642f7468656d652f7468656d65312e786d6c504b01022d0014000600080000002100fcea4fde0e040000a50b0000110000000000000000000000000076180000776f72642f73657474696e67732e786d6c504b01022d0014000600080000002100273450d2b20b0000567300000f00000000000000000000000000b31c0000776f72642f7374796c65732e786d6c504b01022d0014000600080000002100ef0a294e4e0100007e030000140000000000000000000000000092280000776f72642f77656253657474696e67732e786d6c504b01022d0014000600080000002100e958569611020000590700001200000000000000000000000000122a0000776f72642f666f6e745461626c652e786d6c504b01022d00140006000800000021001ccef21272010000ed0200001100000000000000000000000000532c0000646f6350726f70732f636f72652e786d6c504b01022d0014000600080000002100e2966f4e7b010000cf0200001000000000000000000000000000fc2e0000646f6350726f70732f6170702e786d6c504b0506000000000b000b00c1020000ad3100000000, '2025-11-20 20:14:49'),
(6, 27, 'FIK61516', 'NGEHACK WEB HIMTIKA', 'Link', 'himtika.unsika.ac.id', NULL, NULL, '2025-11-25 05:51:33'),
(7, 27, 'FIK61515', 'MIKMHON', 'Link', 'https://docs.google.com/forms/d/e/1FAIpQLSeeaSP4a9UqKNFN3bm0lb8tCacw59eFf_jusA_TVK_dvsonGg/viewform?usp=sharing&ouid=102000014809219399379', NULL, NULL, '2025-11-25 08:21:02');

-- --------------------------------------------------------

--
-- Table structure for table `pengumuman`
--

CREATE TABLE `pengumuman` (
  `id_pengumuman` int(11) NOT NULL,
  `kode_mk` varchar(20) NOT NULL,
  `judul` varchar(150) NOT NULL,
  `waktu_dibuat` date NOT NULL DEFAULT curdate(),
  `isi` text DEFAULT NULL,
  `id_user` int(11) DEFAULT NULL
) ENGINE=InnoDB DEFAULT CHARSET=utf8mb4 COLLATE=utf8mb4_general_ci;

--
-- Dumping data for table `pengumuman`
--

INSERT INTO `pengumuman` (`id_pengumuman`, `kode_mk`, `judul`, `waktu_dibuat`, `isi`, `id_user`) VALUES
(1, 'FIK61510', 'deadline tugas diperpanjang sampai kamis', '2025-11-21', 'Perpanjangan deadline tugas kamsis!', 27);

-- --------------------------------------------------------

--
-- Table structure for table `pj_kelas`
--

CREATE TABLE `pj_kelas` (
  `id_pj` int(11) NOT NULL,
  `id_user` int(11) NOT NULL,
  `mata_kuliah` varchar(100) DEFAULT NULL,
  `tahun_ajaran` varchar(50) DEFAULT NULL
) ENGINE=InnoDB DEFAULT CHARSET=utf8mb4 COLLATE=utf8mb4_general_ci;

--
-- Dumping data for table `pj_kelas`
--

INSERT INTO `pj_kelas` (`id_pj`, `id_user`, `mata_kuliah`, `tahun_ajaran`) VALUES
(1, 13, 'FIK61515', '2024-2025'),
(2, 16, 'FIK61521', '2024-2025'),
(3, 22, 'FIK61512', '2024-2025'),
(4, 25, 'FIK61516', '2024-2025'),
(5, 27, 'FIK61534', '2024-2025'),
(6, 31, 'FIK61514', '2024-2025'),
(7, 33, 'FIK61511', '2024-2025'),
(8, 34, 'FIK61510', '2024-2025');

-- --------------------------------------------------------

--
-- Table structure for table `status_tugas`
--

CREATE TABLE `status_tugas` (
  `id_user` int(11) NOT NULL,
  `id_tugas` int(11) NOT NULL,
  `isSelesai` varchar(10) NOT NULL DEFAULT 'Belum'
) ENGINE=InnoDB DEFAULT CHARSET=utf8mb4 COLLATE=utf8mb4_general_ci;

--
-- Dumping data for table `status_tugas`
--

INSERT INTO `status_tugas` (`id_user`, `id_tugas`, `isSelesai`) VALUES
(10, 38, 'Belum'),
(11, 38, 'Belum'),
(12, 38, 'Belum'),
(13, 38, 'Belum'),
(14, 38, 'Belum'),
(15, 38, 'Belum'),
(16, 38, 'Belum'),
(17, 38, 'Belum'),
(18, 38, 'Belum'),
(19, 38, 'Belum'),
(20, 38, 'Belum'),
(21, 38, 'Belum'),
(22, 38, 'Belum'),
(23, 38, 'Belum'),
(24, 38, 'Belum'),
(25, 38, 'Belum'),
(26, 38, 'Belum'),
(27, 11, 'Selesai'),
(27, 15, 'Selesai'),
(27, 38, 'Selesai'),
(28, 38, 'Belum'),
(29, 38, 'Belum'),
(30, 38, 'Belum'),
(31, 38, 'Belum'),
(32, 38, 'Belum'),
(33, 38, 'Belum'),
(34, 38, 'Belum'),
(35, 38, 'Belum');

-- --------------------------------------------------------

--
-- Table structure for table `tugas`
--

CREATE TABLE `tugas` (
  `id_tugas` int(11) NOT NULL,
  `kode_mk` varchar(20) NOT NULL,
  `judul` varchar(150) NOT NULL,
  `deskripsi` text DEFAULT NULL,
  `deadline` datetime DEFAULT NULL
) ENGINE=InnoDB DEFAULT CHARSET=utf8mb4 COLLATE=utf8mb4_general_ci;

--
-- Dumping data for table `tugas`
--

INSERT INTO `tugas` (`id_tugas`, `kode_mk`, `judul`, `deskripsi`, `deadline`) VALUES
(10, 'FIK61510', 'Laporan Praktikum Basis Data Bab 3', 'Buat laporan lengkap mengenai implementasi JOIN dan Subquery.', '2025-11-25 23:59:00'),
(11, 'FIK61511', 'Tugas Akhir Metode Numerik', 'Buat program untuk menghitung akar persamaan non-linear menggunakan metode Newton-Raphson.', '2025-12-15 10:00:00'),
(12, 'FIK61512', 'UML Diagram untuk Sistem Peminjaman Buku', 'Gambarkan Class, Sequence, dan Activity Diagram untuk sistem perpustakaan.', '2025-12-01 12:00:00'),
(14, 'FIK61515', 'Simulasi Jaringan Komputer', 'Lakukan simulasi dan analisis performa protokol TCP/IP menggunakan Cisco Packet Tracer.', '2025-12-05 15:00:00'),
(15, 'FIK61516', 'Studi Kasus Keamanan Sistem: SQL Injection', 'Jelaskan bagaimana serangan SQL Injection bekerja dan cara mitigasinya.', '2025-11-28 23:59:00'),
(16, 'FIK61521', 'Presentasi Teori Bahasa dan Automata', 'Siapkan materi presentasi tentang Non-deterministic Finite Automata (NFA).', '2025-12-10 09:30:00'),
(38, 'FIK61515', 'MIKMON', 'KUMPUL DIYT', '2025-12-09 00:00:00');

-- --------------------------------------------------------

--
-- Table structure for table `user`
--

CREATE TABLE `user` (
  `id_user` int(11) NOT NULL,
  `NAMA` varchar(50) NOT NULL,
  `NPM` char(13) DEFAULT NULL,
  `Kelas` varchar(100) DEFAULT NULL,
  `username` varchar(50) NOT NULL,
  `password` varchar(100) NOT NULL,
  `role` enum('mahasiswa','pj') DEFAULT 'mahasiswa'
) ENGINE=InnoDB DEFAULT CHARSET=utf8mb4 COLLATE=utf8mb4_general_ci;

--
-- Dumping data for table `user`
--

INSERT INTO `user` (`id_user`, `NAMA`, `NPM`, `Kelas`, `username`, `password`, `role`) VALUES
(10, 'AHMAD HIDAYAT', '2410631170127', '3B', 'HIDAYAT', '123', 'mahasiswa'),
(11, 'ALIA HAMZAH', '2410631170006', '3B', 'HAMZAH', '123', 'mahasiswa'),
(12, 'AMBAR TRIYASMIN', '2410631170128', '3B', 'TRIYASMIN', '123', 'mahasiswa'),
(13, 'ANANDA FAHRIZAL ASSIDIQ', '2410631170007', '3B', 'ASSIDIQ', '123', 'pj'),
(14, 'ANDHIKA EKA PRATAMA', '2410631170129', '3B', 'PRATAMA', '123', 'mahasiswa'),
(15, 'ANDHIKA SUBAGJA', '2410631170008', '3B', 'SUBAGJA', '123', 'mahasiswa'),
(16, 'ANDHIKA SUKMA JIWATAMA', '2410631170130', '3B', 'JIWATAMA', '123', 'pj'),
(17, 'ANWA AL GHIFARY DAFITO', '2410631170009', '3B', 'DAFITO', '123', 'mahasiswa'),
(18, 'DEFRY ANANTA PERANGIN ANGIN', '2410631170066', '3B', 'ANGIN', '123', 'mahasiswa'),
(19, 'DHINARA SHAFFINA TURHAM', '2410631170067', '3B', 'TURHAM', '123', 'mahasiswa'),
(20, 'DIEGO ANDREAS SIMANJUNTAK', '2410631170068', '3B', 'SIMANJUNTAK', '123', 'mahasiswa'),
(21, 'DWIYANDRA RAYSHA PUTRA SYAWAL', '2410631170069', '3B', 'SYAWAL', '123', 'mahasiswa'),
(22, 'GERAL TRITAMA WAHYUADY', '2410631170070', '3B', 'WAHYUADY', '123', 'pj'),
(23, 'MUHAMMAD ARYA FAIZ ABDILLAH', '2410631170154', '3B', 'ABDILLAH', '123', 'mahasiswa'),
(24, 'MUHAMMAD DANDY', '2410631170155', '3B', 'DANDY', '123', 'mahasiswa'),
(25, 'MUHAMMAD GHIFARI GILBRAN', '2410631170036', '3B', 'GILBRAN', '123', 'pj'),
(26, 'MUHAMMAD HAFIDZ RIZQI RUKMANA', '2410631170037', '3B', 'RUKMANA', '123', 'mahasiswa'),
(27, 'MUHAMMAD RIZKY DERMAWAN', '2410631170038', '3B', 'DERMAWAN', '123', 'pj'),
(28, 'MUHAMMAD RIZKY RAJABI', '2410631170039', '3B', 'RAJABI', '123', 'mahasiswa'),
(29, 'MUHAMMAD ZAMY ALFIANSYAH', '2410631170040', '3B', 'ALFIANSYAH', '123', 'mahasiswa'),
(30, 'NAZLA ARINA NURFIA SOFA', '2410631170096', '3B', 'SOFA', '123', 'mahasiswa'),
(31, 'NAZRIL ADRIAN', '2410631170097', '3B', 'ADRIAN', '123', 'pj'),
(32, 'NUGRAHA ADANI', '2410631170098', '3B', 'ADANI', '123', 'mahasiswa'),
(33, 'RAFLI RIZQI FADILLAH', '2410631170099', '3B', 'FADILLAH', '123', 'pj'),
(34, 'RAIKA MAULANA DWI PUTRA', '2410631170100', '3B', 'PUTRA', '123', 'pj'),
(35, 'SYAHID AHMAD YASIN', '2410631170170', '3B', 'YASIN', '123', 'mahasiswa');

--
-- Indexes for dumped tables
--

--
-- Indexes for table `absensi`
--
ALTER TABLE `absensi`
  ADD PRIMARY KEY (`id_absensi`),
  ADD UNIQUE KEY `unique_absen_harian` (`kode_mk`,`id_user`,`tanggal`),
  ADD KEY `kode_mk` (`kode_mk`),
  ADD KEY `id_user` (`id_user`);

--
-- Indexes for table `jadwal`
--
ALTER TABLE `jadwal`
  ADD PRIMARY KEY (`id_jadwal`),
  ADD KEY `kode_mk` (`kode_mk`);

--
-- Indexes for table `mata_kuliah`
--
ALTER TABLE `mata_kuliah`
  ADD PRIMARY KEY (`kode_mk`);

--
-- Indexes for table `materi`
--
ALTER TABLE `materi`
  ADD PRIMARY KEY (`id_materi`),
  ADD KEY `id_user` (`id_user`),
  ADD KEY `kode_mk` (`kode_mk`);

--
-- Indexes for table `pengumuman`
--
ALTER TABLE `pengumuman`
  ADD PRIMARY KEY (`id_pengumuman`),
  ADD KEY `kode_mk` (`kode_mk`),
  ADD KEY `dibuat_oleh` (`id_user`);

--
-- Indexes for table `pj_kelas`
--
ALTER TABLE `pj_kelas`
  ADD PRIMARY KEY (`id_pj`),
  ADD KEY `id_user` (`id_user`),
  ADD KEY `nama_mk_fk` (`mata_kuliah`);

--
-- Indexes for table `status_tugas`
--
ALTER TABLE `status_tugas`
  ADD PRIMARY KEY (`id_user`,`id_tugas`),
  ADD KEY `id_tugas` (`id_tugas`);

--
-- Indexes for table `tugas`
--
ALTER TABLE `tugas`
  ADD PRIMARY KEY (`id_tugas`),
  ADD KEY `kode_mk` (`kode_mk`);

--
-- Indexes for table `user`
--
ALTER TABLE `user`
  ADD PRIMARY KEY (`id_user`);

--
-- AUTO_INCREMENT for dumped tables
--

--
-- AUTO_INCREMENT for table `absensi`
--
ALTER TABLE `absensi`
  MODIFY `id_absensi` int(11) NOT NULL AUTO_INCREMENT, AUTO_INCREMENT=165;

--
-- AUTO_INCREMENT for table `jadwal`
--
ALTER TABLE `jadwal`
  MODIFY `id_jadwal` int(11) NOT NULL AUTO_INCREMENT, AUTO_INCREMENT=9;

--
-- AUTO_INCREMENT for table `materi`
--
ALTER TABLE `materi`
  MODIFY `id_materi` int(11) NOT NULL AUTO_INCREMENT, AUTO_INCREMENT=8;

--
-- AUTO_INCREMENT for table `pengumuman`
--
ALTER TABLE `pengumuman`
  MODIFY `id_pengumuman` int(11) NOT NULL AUTO_INCREMENT, AUTO_INCREMENT=5;

--
-- AUTO_INCREMENT for table `pj_kelas`
--
ALTER TABLE `pj_kelas`
  MODIFY `id_pj` int(11) NOT NULL AUTO_INCREMENT, AUTO_INCREMENT=9;

--
-- AUTO_INCREMENT for table `tugas`
--
ALTER TABLE `tugas`
  MODIFY `id_tugas` int(11) NOT NULL AUTO_INCREMENT, AUTO_INCREMENT=40;

--
-- AUTO_INCREMENT for table `user`
--
ALTER TABLE `user`
  MODIFY `id_user` int(11) NOT NULL AUTO_INCREMENT, AUTO_INCREMENT=36;

--
-- Constraints for dumped tables
--

--
-- Constraints for table `absensi`
--
ALTER TABLE `absensi`
  ADD CONSTRAINT `absensi_ibfk_1` FOREIGN KEY (`kode_mk`) REFERENCES `mata_kuliah` (`kode_mk`),
  ADD CONSTRAINT `absensi_ibfk_2` FOREIGN KEY (`id_user`) REFERENCES `user` (`id_user`);

--
-- Constraints for table `jadwal`
--
ALTER TABLE `jadwal`
  ADD CONSTRAINT `jadwal_ibfk_1` FOREIGN KEY (`kode_mk`) REFERENCES `mata_kuliah` (`kode_mk`);

--
-- Constraints for table `materi`
--
ALTER TABLE `materi`
  ADD CONSTRAINT `materi_ibfk_1` FOREIGN KEY (`id_user`) REFERENCES `user` (`id_user`),
  ADD CONSTRAINT `materi_ibfk_2` FOREIGN KEY (`kode_mk`) REFERENCES `mata_kuliah` (`kode_mk`);

--
-- Constraints for table `pengumuman`
--
ALTER TABLE `pengumuman`
  ADD CONSTRAINT `pengumuman_ibfk_1` FOREIGN KEY (`kode_mk`) REFERENCES `mata_kuliah` (`kode_mk`),
  ADD CONSTRAINT `pengumuman_ibfk_2` FOREIGN KEY (`id_user`) REFERENCES `user` (`id_user`);

--
-- Constraints for table `pj_kelas`
--
ALTER TABLE `pj_kelas`
  ADD CONSTRAINT `nama_mk_fk` FOREIGN KEY (`mata_kuliah`) REFERENCES `mata_kuliah` (`kode_mk`) ON DELETE CASCADE ON UPDATE CASCADE,
  ADD CONSTRAINT `pj_kelas_ibfk_1` FOREIGN KEY (`id_user`) REFERENCES `user` (`id_user`);

--
-- Constraints for table `status_tugas`
--
ALTER TABLE `status_tugas`
  ADD CONSTRAINT `status_tugas_ibfk_1` FOREIGN KEY (`id_user`) REFERENCES `user` (`id_user`),
  ADD CONSTRAINT `status_tugas_ibfk_2` FOREIGN KEY (`id_tugas`) REFERENCES `tugas` (`id_tugas`);

--
-- Constraints for table `tugas`
--
ALTER TABLE `tugas`
  ADD CONSTRAINT `tugas_ibfk_1` FOREIGN KEY (`kode_mk`) REFERENCES `mata_kuliah` (`kode_mk`);
COMMIT;

/*!40101 SET CHARACTER_SET_CLIENT=@OLD_CHARACTER_SET_CLIENT */;
/*!40101 SET CHARACTER_SET_RESULTS=@OLD_CHARACTER_SET_RESULTS */;
/*!40101 SET COLLATION_CONNECTION=@OLD_COLLATION_CONNECTION */;
